Rank,Player Name,Position,College,Year,Height,Weight,40 Time,PFF,PFN,SI,NFL Draft Buzz,Bleacher Report,Athletic,CBS,USA Today,SCOUTD,Mel Kiper,Matt Miller,Daniel Jeremiah,Dane Brugler,Charlie Campbell,Average,Remarks
11,Mansoor Delane,CB,LSU,Senior,6'0,190,4.44,,,,,,,,,,,,,,,
12,Jermod McCoy,CB,Tennessee,Junior,6'0,193,4.52,,,,,,,,,,,,,,,
16,Avieon Terrell,CB,Clemson,Junior,5'11,180,4.39,,,,,,,,,,,,,,,
25,Brandon Cisse,CB,South Carolina,Junior,6'0,190,4.35,,,,,,,,,,,,,,,
26,Colton Hood,CB,Tennessee,Sophomore,6'0,195,4.43,,,,,,,,,,,,,,,
32,Chris Johnson,CB,San Diego State,Senior,6'0,185,4.55,,,,,,,,,,,,,,,
34,Keith Abney II,CB,Arizona State,Junior,6'0,190,4.46,,,,,,,,,,,,,,,
40,TJ Hall,CB,Iowa,,,,,,,,,,,,,,,,,,
53,D'angelo Ponds,CB,Indiana,Junior,5'9,170,4.35,,,,,,,,,,,,,,,
58,Julian Neal,CB,Arkansas,Senior,6'2,200,4.58,,,,,,,,,,,,,,,
59,Malik Muhammad,CB,Texas,Junior,6'0,198,4.47,,,,,,,,,,,,,,,
63,Keionte Scott,CB,Miami (FL),Senior,6'0,192,4.44,,,,,,,,,,,,,,,
64,Devin Moore,CB,Florida,Senior,6'3,198,,,,,,,,,,,,,,,,
74,Will Lee III,CB,Texas A&M,Senior,6'1,189,4.55,,,,,,,,,,,,,,,
75,Chandler Rivers,CB,Duke,Senior,5'10,185,4.45,,,,,,,,,,,,,,,
79,Davison Igbinosun,CB,Ohio State,Senior,6'2,195,4.34,,,,,,,,,,,,,,,
91,Tacario Davis,CB,Washington,Senior,6'4,200,4.51,,,,,,,,,,,,,,,
98,Domani Jackson,CB,Alabama,Senior,6'1,196,4.28,,,,,,,,,,,,,,,
109,Daylen Everette,CB,Georgia,Senior,6'1,190,4.34,,,,,,,,,,,,,,,
112,Treydan Stukes,CB,Arizona,Senior,6'2,200,,,,,,,,,,,,,,,,
118,Hezekiah Masses,CB,California,,,,,,,,,,,,,,,,,,
123,Jermaine Mathews Jr.,CB,Ohio State,Junior,5'11,190,4.38,,,,,,,,,,,,,,,
125,Devon Marshall,CB,NC State,,,,,,,,,,,,,,,,,,
157,Christian Gray,CB,Notre Dame,Junior,6'0,188,4.45,,,,,,,,,,,,,,,
166,Brent Austin,CB,California,,,,,,,,,,,,,,,,,,
175,Thaddeus Dixon,CB,North Carolina,Senior,6'1,185,4.46,,,,,,,,,,,,,,,
179,Josh Moten,CB,Southern Miss,Senior,6'0,185,4.43,,,,,,,,,,,,,,,
181,DJ Harvey,CB,USC,Senior,5'10,190,4.44,,,,,,,,,,,,,,,
187,Charles Demmings,CB,Stephen F. Austin,Senior,6'1,190,,,,,,,,,,,,,,,,
188,Collin Wright,CB,Stanford,Senior,6'0,195,,,,,,,,,,,,,,,,
10,Peter Woods,DL,Clemson,Junior,6'3,315,4.75,,,,,,,,,,,,,,,
17,Kayden McDonald,DL,Ohio State,Junior,6'3,326,5.15,,,,,,,,,,,,,,,
24,Caleb Banks,DL,Florida,Senior,6'6,330,5.2,,,,,,,,,,,,,,,
27,Christen Miller,DL,Georgia,Junior,6'4,305,4.9,,,,,,,,,,,,,,,
41,Lee Hunter,DL,Texas Tech,Senior,6'4,325,5.2,,,,,,,,,,,,,,,
57,Domonique Orange,DL,Iowa State,Senior,6'4,325,5.3,,,,,,,,,,,,,,,
66,Dontay Corleone,DL,Cincinnati,Senior,6'1,335,5.1,,,,,,,,,,,,,,,
84,Darrell Jackson Jr.,DL,Florida State,Senior,6'5,337,5.05,,,,,,,,,,,,,,,
103,Tim Keenan III,DL,Alabama,Senior,6'2,320,5.2,,,,,,,,,,,,,,,
106,Ahmad Moten Sr.,DL,Miami (FL),Senior,6'3,324,,,,,,,,,,,,,,,,
113,DeMonte Capehart,DL,Clemson,Senior,6'5,313,4.75,,,,,,,,,,,,,,,
120,Zane Durant,DL,Penn State,Senior,6'1,294,4.66,,,,,,,,,,,,,,,
124,Gracen Halton,DL,Oklahoma,Senior,6'2,292,4.86,,,,,,,,,,,,,,,
131,Zxavian Harris,DL,Mississippi,Senior,6'8,330,,,,,,,,,,,,,,,,
142,Bryson Eason,DL,Tennessee,Senior,6'3,310,5.1,,,,,,,,,,,,,,,
150,Albert Regis,DL,Texas A&M,Senior,6'1,317,4.85,,,,,,,,,,,,,,,
154,Landon Robinson,DL,Navy,Senior,6'0,287,,,,,,,,,,,,,,,,
178,Rayshaun Benny,DL,Michigan,Senior,6'4,305,4.9,,,,,,,,,,,,,,,
183,Cole Brevard,DL,Texas,Senior,6'3,346,,,,,,,,,,,,,,,,
185,Skyler Gill-Howard,DL,Texas Tech,Senior,6'1,290,4.9,,,,,,,,,,,,,,,
195,Keanu Tanuvasa,DL,BYU,,,,,,,,,,,,,,,,,,
197,Aaron Graves,DL,Iowa,,,,,,,,,,,,,,,,,,
3,Rueben Bain,EDGE,Miami (FL),Junior,6'3,275,4.72,,,,,,,,,,,,,,,
7,David Bailey,EDGE,Texas Tech,Senior,6'3,250,4.52,,,,,,,,,,,,,,,
9,Keldric Faulk,EDGE,Auburn,Junior,6'6,285,4.74,,,,,,,,,,,,,,,
18,Cashius Howell,EDGE,Texas A&M,Senior,6'4,248,4.65,,,,,,,,,,,,,,,
22,T.J. Parker,EDGE,Clemson,Junior,6'3,265,4.65,,,,,,,,,,,,,,,
29,Romello Height,EDGE,Texas Tech,Junior,6'3,240,4.7,,,,,,,,,,,,,,,
30,Akheem Mesidor,EDGE,Miami (FL),Senior,6'3,280,4.9,,,,,,,,,,,,,,,
31,R Mason Thomas,EDGE,Oklahoma,Senior,6'2,249,4.62,,,,,,,,,,,,,,,
35,L.T. Overton,EDGE,Alabama,Senior,6'5,278,4.85,,,,,,,,,,,,,,,
46,Zion Young,EDGE,Missouri,Senior,6'5,262,4.76,,,,,,,,,,,,,,,
49,Dani Dennis-Sutton,EDGE,Penn State,Senior,6'5,265,4.68,,,,,,,,,,,,,,,
52,Joshua Josephs,EDGE,Tennessee,Senior,6'3,240,4.68,,,,,,,,,,,,,,,
67,Gabe Jacas,EDGE,Illinois,Senior,6'3,275,4.8,,,,,,,,,,,,,,,
82,Derrick Moore,EDGE,Michigan,Senior,6'3,260,4.65,,,,,,,,,,,,,,,
88,Caden Curry,EDGE,Ohio State,Senior,6'3,260,4.78,,,,,,,,,,,,,,,
94,Malachi Lawrence,EDGE,UCF,Senior,6'4,250,4.78,,,,,,,,,,,,,,,
102,Tyreak Sapp,EDGE,Florida,Junior,6'3,272,4.76,,,,,,,,,,,,,,,
108,Anthony Lucas,EDGE,USC,Senior,6'5,285,4.85,,,,,,,,,,,,,,,
117,Keyron Crawford,EDGE,Auburn,Senior,6'4,255,,,,,,,,,,,,,,,,
122,Max Llewellyn,EDGE,Iowa,Senior,6'5,263,,,,,,,,,,,,,,,,
128,Patrick Payton,EDGE,LSU,Senior,6'6,255,,,,,,,,,,,,,,,,
129,Mikail Kamara,EDGE,Indiana,Senior,6'1,265,4.8,,,,,,,,,,,,,,,
138,Michael Kilbane,EDGE,Northwestern,,,,,,,,,,,,,,,,,,
149,Dominic Bailey,EDGE,Tennessee,,,,,,,,,,,,,,,,,,
158,Trey Moore,EDGE,Texas,Senior,6'3,249,4.6,,,,,,,,,,,,,,,
167,Roy Williams,EDGE,Northern Illinois,Senior,6'6,257,,,,,,,,,,,,,,,,
174,Jackson Kuwatch,EDGE,Miami (OH),,,,,,,,,,,,,,,,,,
193,Jack Pyburn,EDGE,LSU,Senior,6'4,264,,,,,,,,,,,,,,,,
199,Teitum Tuioti,EDGE,Oregon,,,,,,,,,,,,,,,,,,
2,Arvell Reese,LB,Ohio State,Junior,6'4,243,4.52,,,,,,,,,,,,,,,
14,Sonny Styles,LB,Ohio State,Senior,6'4,243,4.48,,,,,,,,,,,,,,,
23,C.J. Allen,LB,Georgia,Junior,6'2,235,4.55,,,,,,,,,,,,,,,
28,Anthony Hill Jr.,LB,Texas,Junior,6'3,238,4.5,,,,,,,,,,,,,,,
51,Jake Golday,LB,Cincinnati,Senior,6'4,240,4.55,,,,,,,,,,,,,,,
61,Josiah Trotter,LB,Missouri,Sophomore,6'2,237,4.61,,,,,,,,,,,,,,,
62,Deontae Lawson,LB,Alabama,Senior,6'2,228,4.6,,,,,,,,,,,,,,,
78,Harold Perkins,LB,LSU,Junior,6'1,222,4.45,,,,,,,,,,,,,,,
85,Jacob Rodriguez,LB,Texas Tech,Senior,6'1,230,4.7,,,,,,,,,,,,,,,
92,Taurean York,LB,Texas A&M,Junior,5'10,227,4.58,,,,,,,,,,,,,,,
101,Kyle Louis,LB,Pittsburgh,Junior,6'1,220,4.65,,,,,,,,,,,,,,,
107,Lander Barton,LB,Utah,Senior,6'5,236,4.55,,,,,,,,,,,,,,,
111,Jaishawn Barham,LB,Michigan,Senior,6'3,243,4.55,,,,,,,,,,,,,,,
134,Aiden Fisher,LB,Indiana,Senior,6'1,231,,,,,,,,,,,,,,,,
137,Red Murdock,LB,Buffalo,Senior,6'3,240,4.77,,,,,,,,,,,,,,,
145,Stanquan Clark,LB,Louisville,,,,,,,,,,,,,,,,,,
165,Justin Jefferson,LB,Alabama,Senior,6'1,227,,,,,,,,,,,,,,,,
168,Eric Gentry,LB,USC,Senior,6'6,225,4.56,,,,,,,,,,,,,,,
184,Bryce Boettcher,LB,Oregon,Senior,6'2,232,4.7,,,,,,,,,,,,,,,
1,Fernando Mendoza,QB,Indiana,Junior,6'5,225,4.85,,,,,,,,,,,,,,,
20,Ty Simpson,QB,Alabama,Junior,6'2,208,4.8,,,,,,,,,,,,,,,
36,Trinidad Chambliss,QB,Mississippi,Senior,6'1,200,4.45,,,,,,,,,,,,,,,
38,Garrett Nussmeier,QB,LSU,Senior,6'1,205,4.82,,,,,,,,,,,,,,,
54,Cade Klubnik,QB,Clemson,Senior,6'2,210,4.65,,,,,,,,,,,,,,,
77,Drew Allar,QB,Penn State,Senior,6'5,235,4.9,,,,,,,,,,,,,,,
80,Carson Beck,QB,Miami (FL),Senior,6'4,220,4.84,,,,,,,,,,,,,,,
127,Taylen Green,QB,Arkansas,Senior,6'6,224,4.44,,,,,,,,,,,,,,,
155,Sawyer Robertson,QB,Baylor,Senior,6'4,220,4.85,,,,,,,,,,,,,,,
164,Diego Pavia,QB,Vanderbilt,Senior,6'0,207,4.59,,,,,,,,,,,,,,,
192,Miller Moss,QB,Louisville,Senior,6'2,210,4.85,,,,,,,,,,,,,,,
199,Jalon Daniels,QB,Kansas,Senior,6'0,220,4.58,,,,,,,,,,,,,,,
200,Noah Fifta,QB,Arizona,Junior,5'10,186,4.75,,,,,,,,,,,,,,,
201,Luke Altmyer,QB,Illinois,Senior,6'2,205,4.75,,,,,,,,,,,,,,,
202,Conner Wegman,QB,Houston,Junior,6'3,210,4.85,,,,,,,,,,,,,,,
203,Kevin Jennings,QB,SMU,Junior,6'0,192,4.6,,,,,,,,,,,,,,,
204,Gunner Stockton,QB,Georgia,Junior,6'1,215,4.65,,,,,,,,,,,,,,,
205,Joey Aguilar,QB,Tennesse,Senior,6'3,225,4.85,,,,,,,,,,,,,,,
206,Hayes King,QB,Georgia Tech,Senior,6'3,215,4.45,,,,,,,,,,,,,,,
206,Kyron Jones,QB,Virginia Tech,Senior,6'2,235,4.72,,,,,,,,,,,,,,,
207,Tyler Van Dyke,QB,SMU,Senior,6'4,230,4.85,,,,,,,,,,,,,,,
208,Preston Stone,QB,Northwestern,Senior,6'1,215,4.9,,,,,,,,,,,,,,,
209,Kaiden Salter,QB,Colorado,Senior,6'1,190,4.5,,,,,,,,,,,,,,,
210,Blake Shapen,QB,Mississippi State,Senior,6'1,210,4.76,,,,,,,,,,,,,,,
211,Sam Huard,QB,USC,Senior,6'1,210,4.85,,,,,,,,,,,,,,,
212,Mathew Stuka,QB,James Madison,Senior,6'2,211,4.8,,,,,,,,,,,,,,,
213,Zach Calzada,QB,Kentucky,Senior,6'4,230,4.75,,,,,,,,,,,,,,,
214,Jeff Sims,QB,Arizona State,Senior,6'4,220,4.78,,,,,,,,,,,,,,,
215,Hank Brown,QB,Iowa,Sophomore,6'4,215,4.85,,,,,,,,,,,,,,,
216,Drew Payne,QB,Bowling Green,Senior,6'0,200,4.68,,,,,,,,,,,,,,,
217,Dylan Morris,QB,James Madison,Senior,6'1,202,4.85,,,,,,,,,,,,,,,
218,Cole Payton,QB,North Dakota State,Senior,6'3,233,,,,,,,,,,,,,,,,
219,Tommy Castellanos,QB,Florida State,Senior,5'11,201,,,,,,,,,,,,,,,,
220,Jake Retzlaff,QB,Tulane,Senior,6'1,205,,,,,,,,,,,,,,,,
221,Joe Fagnano,QB,UCONN,Graduated,6'4,225,,,,,,,,,,,,,,,,
222,Athan Kaliakmanis,QB,Rutgers,Senior,6'3,212,,,,,,,,,,,,,,,,
223,Behring Morton,QB,Texas Tech,Senior,6'2,210,,,,,,,,,,,,,,,,
224,Grayson James,QB,Boston College,Senior,6'3,218,,,,,,,,,,,,,,,,
225,Mark Gronowski,QB,Iowa,Graduated,6'2,235,,,,,,,,,,,,,,,,
226,Walter Eget,QB,San Jose State,Senior,6'3,223,,,,,,,,,,,,,,,,
227,Maverick McIvor,QB,Western Kentucky,Graduated,6'2,214,,,,,,,,,,,,,,,,
228,Chase Mason,QB,South Dakota State,Senior,6'4,240,,,,,,,,,,,,,,,,
8,Jeremiyah Love,RB,Notre Dame,Junior,6'0,214,4.4,,,,,,,,,,,,,,,
55,Jonah Coleman,RB,Washington,Senior,5'9,228,4.5,,,,,,,,,,,,,,,
68,Jadarian Price,RB,Notre Dame,Junior,5'11,209,4.44,,,,,,,,,,,,,,,
71,Emmett Johnson,RB,Nebraska,Junior,5'11,200,4.52,,,,,,,,,,,,,,,
93,Nick Singleton,RB,Penn State,Senior,6'0,224,4.39,,,,,,,,,,,,,,,
96,Kaytron Allen,RB,Penn State,Senior,5'11,217,4.55,,,,,,,,,,,,,,,
116,Demond Claiborne,RB,Wake Forest,Senior,5'10,195,4.42,,,,,,,,,,,,,,,
135,Mike Washington Jr.,RB,Arkansas,Senior,6'2,223,4.45,,,,,,,,,,,,,,,
140,Barika Kpeenu,RB,North Dakota State,,,,,,,,,,,,,,,,,,
171,Adam Randall,RB,Clemson,Senior,6'2,235,,,,,,,,,,,,,,,,
173,J'Mari Taylor,RB,Virginia,Senior,5'9,204,4.39,,,,,,,,,,,,,,,
180,Jamarion Miller,RB,Alabama,Senior,5'10,221,,,,,,,,,,,,,,,,
190,Seth McGowan,RB,Kentucky,Junior,6'1,220,4.55,,,,,,,,,,,,,,,
196,Le'Veon Moss,RB,Texas A&M,Senior,5'11,210,4.42,,,,,,,,,,,,,,,
229,Jaydn Ott,RB,Oklahoma,Senior,5'11,208,,,,,,,,,,,,,,,,
230,Desmond Reid,RB,Pittsburg,Senior,5'8,175,4.38,,,,,,,,,,,,,,,
231,Roman Hemby,RB,Indiana,Senior,6'0,210,,,,,,,,,,,,,,,,
232,Terion Stewart,RB,Virginia Tech,Graduated,5'9,222,,,,,,,,,,,,,,,,
233,Rahsual Faison,RB,South Carolina,Graduated,6'0,218,,,,,,,,,,,,,,,,
234,Kaelon Black,RB,Indiana,Senior,5'10,211,,,,,,,,,,,,,,,,
235,Chip Trayanum,RB,Toledo,Senior,5'11,227,,,,,,,,,,,,,,,,
236,Jamal Haynes,RB,Georgia Tech,Senior,5'9,190,4.48,,,,,,,,,,,,,,,
237,Noah Whittington,RB,Oregon,Senior,5'8,203,,,,,,,,,,,,,,,,
238,Dean Conners,RB,Houston,Senior,6'0,206,,,,,,,,,,,,,,,,
239,Mel Brown,RB,Colorado State,,5'9,180,,,,,,,,,,,,,,,,
240,CJ Donaldson,RB,Ohio State,Senior,6'2,232,,,,,,,,,,,,,,,,
241,Logan Diggs,RB,Ole Miss,Senior,6'0,220,,,,,,,,,,,,,,,,
242,AI-Jay Henderson,RB,Buffalo,Senior,5'10,216,,,,,,,,,,,,,,,,
243,Devin Mockobee,RB,Purdue,Senior,6'0,202,,,,,,,,,,,,,,,,
244,Roydell Williams,RB,Florida State,Senior,5'10,223,,,,,,,,,,,,,,,,
245,Kentrell Bullock,RB,South Alabama,Senior,5'10,205,,,,,,,,,,,,,,,,
246,Anthony Hankerson,RB,Oregon State,Senior,5'8,206,,,,,,,,,,,,,,,,
247,Angel Johnson,RB,Washington State,Senior,5'9,192,,,,,,,,,,,,,,,,
248,Davon Booth,RB,Mississippi State,Graduated,5'10,205,,,,,,,,,,,,,,,,
249,Jaquez Moore,RB,Duke,Senior,5'10,205,,,,,,,,,,,,,,,,
250,Cash Jones,RB,Oregon State,Senior,5'11,195,,,,,,,,,,,,,,,,
251,Quinten Joyner,RB,Texas Tech,Sophomore,5'11,205,4.47,,,,,,,,,,,,,,,
252,Trey Holly,RB,Southern U,Sophomore,5'7,192,4.42,,,,,,,,,,,,,,,
253,Rueben Owens II,RB,Texas A&M,Sophomore,5'11,215,4.38,,,,,,,,,,,,,,,
254,Branson Robinson,RB,Georgia State,Junior,5'10,211,4.55,,,,,,,,,,,,,,,
256,Armoni Goodwin,RB,Utah Martin,Senior,5'8,195,4.42,,,,,,,,,,,,,,,
257,Byron Caldwell Jr,RB,San Diego State,Senior,6'0,215,4.5,,,,,,,,,,,,,,,
258,Trey Cooley,RB,Georgia Tech,Senior,5'10,205,4.5,,,,,,,,,,,,,,,
259,LJ Johnson,RB,Cal,Senior,5'10,215,4.33,,,,,,,,,,,,,,,
260,Jalen Berger,RB,UCLA,Senior,6'1,215,4.58,,,,,,,,,,,,,,,
261,Alton McCaskill,RB,Sam Houston,Junior,6'1,205,4.48,,,,,,,,,,,,,,,
262,Derrick Davis Jr,RB,Pittsburg,Senior,6'0,210,4.56,,,,,,,,,,,,,,,
6,Caleb Downs,S,Ohio State,Junior,6'0,205,4.45,,,,,,,,,,,,,,,
37,Dillon Thieneman,S,Oregon,Junior,6'0,205,4.35,,,,,,,,,,,,,,,
42,Emmanuel McNeil-Warren,S,Toledo,Senior,6'2,202,4.52,,,,,,,,,,,,,,,
47,A.J. Haulcy,S,LSU,Senior,6'0,222,4.55,,,,,,,,,,,,,,,
48,Kamari Ramsey,S,USC,Junior,6'0,205,4.52,,,,,,,,,,,,,,,
56,Zakee Wheatley,S,Penn State,Senior,6'2,200,4.4,,,,,,,,,,,,,,,
72,Carter Davis,S,Boston College,,,,,,,,,,,,,,,,,,
86,Xavier Scott,S,Illinois,Senior,5'11,190,4.52,,,,,,,,,,,,,,,
89,Jalon Kilgore,S,South Carolina,Junior,6'1,211,4.48,,,,,,,,,,,,,,,
95,Genesis Smith,S,Arizona,Junior,6'2,202,4.5,,,,,,,,,,,,,,,
105,DeShon Singleton,S,Nebraska,,,,,,,,,,,,,,,,,,
110,Louis Moore,S,Indiana,,,,,,,,,,,,,,,,,,
121,Michael Taaffe,S,Texas,Senior,6'0,189,4.55,,,,,,,,,,,,,,,
130,Dalton Johnson,S,Arizona,,,,,,,,,,,,,,,,,,
133,Bud Clark,S,TCU,Senior,6'2,185,4.48,,,,,,,,,,,,,,,
136,Bishop Fitzgerald,S,USC,Senior,5'11,205,4.42,,,,,,,,,,,,,,,
162,Cole Wisniewski,S,Texas Tech,Senior,6'4,220,,,,,,,,,,,,,,,,
163,Jamel Johnson,S,TCU,,,,,,,,,,,,,,,,,,
176,Austin Brown,S,Wisconsin,Senior,6'1,216,,,,,,,,,,,,,,,,
186,VJ Payne,S,Kansas State,Senior,6'3,208,,,,,,,,,,,,,,,,
191,Xavier Nwankpa,S,Iowa,Senior,6'2,213,,,,,,,,,,,,,,,,
15,Kenyon Sadiq,TE,Oregon,Junior,6'3,245,4.55,,,,,,,,,,,,,,,
60,Max Klare,TE,Ohio State,Junior,6'5,243,4.7,,,,,,,,,,,,,,,
69,Eli Stowers,TE,Vanderbilt,Senior,6'4,235,4.55,,,,,,,,,,,,,,,
73,Michael Trigg,TE,Baylor,Senior,6'4,240,4.7,,,,,,,,,,,,,,,
83,Justin Joly,TE,NC State,Senior,6'3,251,4.75,,,,,,,,,,,,,,,
87,Joe Royer,TE,Cincinnati,Senior,6'5,250,4.65,,,,,,,,,,,,,,,
90,Jack Endries,TE,Texas,Junior,6'4,240,4.68,,,,,,,,,,,,,,,
99,Oscar Delp,TE,Georgia,Senior,6'5,245,4.52,,,,,,,,,,,,,,,
115,Eli Raridon,TE,Notre Dame,Senior,6'7,251,4.78,,,,,,,,,,,,,,,
139,Tanner Koziol,TE,Houston,Senior,6'7,240,4.76,,,,,,,,,,,,,,,
141,Dallen Bentley,TE,Utah,Senior,6'4,259,,,,,,,,,,,,,,,,
146,Dae'Quan Wright,TE,Mississippi,Senior,6'4,255,,,,,,,,,,,,,,,,
152,Marlin Klein,TE,Michigan,Senior,6'6,250,,,,,,,,,,,,,,,,
153,John Michael Gyllenborg,TE,Wyoming,Senior,6'5,251,,,,,,,,,,,,,,,,
160,Tanner Arkin,TE,Illinois,Senior,6'4,265,,,,,,,,,,,,,,,,
161,Lawson Luckie,TE,Georgia,Junior,6'4,240,4.65,,,,,,,,,,,,,,,
169,Brett Norfleet,TE,Missouri,Junior,6'6,263,4.66,,,,,,,,,,,,,,,
170,Jameson Geers,TE,Minnesota,,,,,,,,,,,,,,,,,,
189,Miles Kitselman,TE,Tennessee,Senior,6'5,265,4.75,,,,,,,,,,,,,,,
4,Carnell Tate,WR,Ohio State,Junior,6'3,195,4.6,,,,,,,,,,,,,,,
5,Jordyn Tyson,WR,Arizona State,Junior,6'2,200,4.5,,,,,,,,,,,,,,,
13,Makai Lemon,WR,USC,Junior,5'11,195,4.48,,,,,,,,,,,,,,,
19,Denzel Boston,WR,Washington,Junior,6'4,209,4.52,,,,,,,,,,,,,,,
21,Kevin Concepcion,WR,Texas A&M,Junior,5'11,190,4.46,,,,,,,,,,,,,,,
33,Chris Bell,WR,Louisville,Senior,6'2,220,4.44,,,,,,,,,,,,,,,
39,Elijah Sarratt,WR,Indiana,Senior,6'2,209,4.6,,,,,,,,,,,,,,,
43,Zachariah Branch,WR,Georgia,Junior,5'10,180,4.35,,,,,,,,,,,,,,,
44,Germie Bernard,WR,Alabama,Senior,6'1,204,4.52,,,,,,,,,,,,,,,
45,Chris Brazzell,WR,Tennessee,Junior,6'5,200,4.48,,,,,,,,,,,,,,,
50,Ja'Kobi Lane,WR,USC,Junior,6'4,200,4.55,,,,,,,,,,,,,,,
65,Omar Cooper Jr.,WR,Indiana,Junior,6'0,201,4.49,,,,,,,,,,,,,,,
70,Antonio Williams,WR,Clemson,Junior,5'11,190,4.45,,,,,,,,,,,,,,,
76,Malachi Fields,WR,Notre Dame,Senior,6'4,223,4.5,,,,,,,,,,,,,,,
81,Skyler Bell,WR,UConn,Senior,6'0,185,4.43,,,,,,,,,,,,,,,
97,C.J. Daniels,WR,Miami (FL),Senior,6'2,205,4.44,,,,,,,,,,,,,,,
100,Deion Burks,WR,Oklahoma,Senior,5'9,188,4.43,,,,,,,,,,,,,,,
104,Brenen Thompson,WR,Mississippi State,Senior,5'9,170,4.34,,,,,,,,,,,,,,,
114,Ted Hurst,WR,Georgia State,Senior,6'3,185,4.48,,,,,,,,,,,,,,,
119,Kaden Wetjen,WR,Iowa,,,,,,,,,,,,,,,,,,
126,Lewis Bond,WR,Boston College,Senior,5'11,190,,,,,,,,,,,,,,,,
132,Bryce Lance,WR,North Dakota State,Senior,6'3,209,4.6,,,,,,,,,,,,,,,
143,Eric Rivers,WR,Georgia Tech,Senior,5'11,180,4.38,,,,,,,,,,,,,,,
144,Josh Cameron,WR,Baylor,Senior,6'1,224,,,,,,,,,,,,,,,,
147,Kevin Coleman Jr.,WR,Missouri,Senior,5'11,180,4.4,,,,,,,,,,,,,,,
148,Aaron Anderson,WR,LSU,Junior,5'8,188,4.34,,,,,,,,,,,,,,,
151,Nyziah Hunter,WR,Nebraska,Sophomore,6'1,205,4.45,,,,,,,,,,,,,,,
156,Trebor Pena,WR,Penn State,Senior,5'10,186,4.52,,,,,,,,,,,,,,,
159,Eric McAlister,WR,TCU,Senior,6'3,205,4.52,,,,,,,,,,,,,,,
172,Harrison Wallace III,WR,Mississippi,Senior,6'1,200,,,,,,,,,,,,,,,,
177,J.Michael Sturdivant,WR,Florida,Senior,6'3,213,4.38,,,,,,,,,,,,,,,
182,Dane Key,WR,Nebraska,Senior,6'3,210,4.5,,,,,,,,,,,,,,,
194,Eli Heidenreich,WR,Navy,,,,,,,,,,,,,,,,,,
198,Jaden Greathouse,WR,Notre Dame,Junior,6'1,212,4.55,,,,,,,,,,,,,,,
262,Chase Roberts,WR,BYU,Senior,6'4,210,4.5,,,,,,,,,,,,,,,
263,De'Zhaun Stribling,WR,Ole Miss,Senior,6'2,200,4.52,,,,,,,,,,,,,,,
264,Barion Brown,WR,LSU,Senior,5'11,185,4.28,,,,,,,,,,,,,,,
265,Hykeem Williams,WR,Colorado,Junior,6'2,220,4.32,,,,,,,,,,,,,,,
266,London Humphrey,WR,Georgia,Junior,6'2,200,4.4,,,,,,,,,,,,,,,
267,Jalil Farooq,WR,Maryland,Senior,6'2,213,4.49,,,,,,,,,,,,,,,
268,Raymond Cottrell,WR,Texas A&M,Freshman,6'3,210,4.56,,,,,,,,,,,,,,,
269,Jaquaize Pettaway,WR,East Carolina,Junior,6'0,194,4.37,,,,,,,,,,,,,,,
270,Colby Young,WR,Georgia,Senior,6'3,215,4.6,,,,,,,,,,,,,,,
271,Kendrick Law,WR,Kentucky,Senior,6'0,205,4.42,,,,,,,,,,,,,,,
272,Ayden Williams,WR,Mississippi State,Junior,6'3,205,4.65,,,,,,,,,,,,,,,
273,Noah Thomas,WR,Georgia,Senior,6'5,205,4.45,,,,,,,,,,,,,,,
274,Caulin Lacy,WR,Louisville,Senior,5'10,190,4.45,,,,,,,,,,,,,,,
275,Christian Leary,WR,Western Michigan,Senior,5'10,180,4.4,,,,,,,,,,,,,,,
276,Jojo Earle,WR,UNLV,Senior,5'10,185,4.39,,,,,,,,,,,,,,,
277,Dacari Collins,WR,Louisville,Senior,6'4,215,4.51,,,,,,,,,,,,,,,
278,Squirrel White,WR,Florida Stare,Senior,5'10,170,4.28,,,,,,,,,,,,,,,
279,Jaden Bray,WR,West Virginia,Senior,6'2,209,4.46,,,,,,,,,,,,,,,
280,EJ Williams,WR,Indiana,Senior,6'4,203,4.49,,,,,,,,,,,,,,,
281,Jerand Bradley,WR,Kansas State,Senior,6'5,223,4.5,,,,,,,,,,,,,,,
282,Deion Colzie,WR,Miami Ohio,Senior,6'4,211,4.46,,,,,,,,,,,,,,,
283,Jayden Ballard,WR,Wisconsin,Senior,6'2,205,4.48,,,,,,,,,,,,,,,
284,Jared Brown,WR,South Carolina,Senior,6'0,195,4.5,,,,,,,,,,,,,,,
285,Cody Jackson,WR,Tarleton State,Junior,6'0,175,4.44,,,,,,,,,,,,,,,
286,Chris Hilton Jr,WR,LSU,Senior,6'0,190,4.35,,,,,,,,,,,,,,,
287,Rara Thomas,WR,Troy,Senior,6'2,208,4.4,,,,,,,,,,,,,,,
288,Ryan Niblet,WR,Texas,Sophomore,5'10,187,4.3,,,,,,,,,,,,,,,
289,Micah Pittman,WR,Utah,Senior,6'0,205,4.55,,,,,,,,,,,,,,,
290,Zavion Thomas,WR,LSU,Senior,5'10,192,,,,,,,,,,,,,,,,
291,Caleb Douglas,WR,Texas Tech,Senior,6'4,205,,,,,,,,,,,,,,,,
292,Dillon Bell,WR,Georgia,Senior,6'1,210,,,,,,,,,,,,,,,,
293,Reggie Virgil,WR,Texas Tech,Senior,6'3,190,,,,,,,,,,,,,,,,
294,Hank Beatty,WR,Illinois,Senior,5'11,185,,,,,,,,,,,,,,,,
295,Donovan Greene,WR,Virginia Tech,Graduated,6'2,196,,,,,,,,,,,,,,,,
296,Devonte Ross,WR,Penn State,Senior,5'10,170,,,,,,,,,,,,,,,,
297,Jahmal Edrine,WR,Virginia,Senior,6'3,221,,,,,,,,,,,,,,,,
298,Malik Rutherford,WR,Georgia Tech,Senior,5'9,170,,,,,,,,,,,,,,,,
299,Kobe Prentice,WR,Baylor,Senior,5'11,190,,,,,,,,,,,,,,,,
300,Jalen Walthall,WR,Incarnate Word,Senior,6'2,180,,,,,,,,,,,,,,,,
301,Jordan Mosley,WR,Mississippi State,Senior,6'0,195,,,,,,,,,,,,,,,,
302,Vinny Anthony,WR,Wisconsin,Senior,6'0,190,,,,,,,,,,,,,,,,
303,Max Tomczak,WR,Youngstown State,Senior,6'0,195,,,,,,,,,,,,,,,,
304,Romello Brinson,WR,SMU,Senior,6'2,190,,,,,,,,,,,,,,,,
305,Ja'Mori Mackin,WR,Kentucky,Senior,5'11,191,,,,,,,,,,,,,,,,
306,DT Sheffield,WR,Rutgers,Senior,5'10,175,,,,,,,,,,,,,,,,
307,Sam Roush,TE,Stanford,Senior,6'5,260,,,,,,,,,,,,,,,,
308,Josh Cuevas,TE,Alabama,Senior,6'3,256,,,,,,,,,,,,,,,,
309,Nate Boerkircher,TE,Texas A&M,Graduated,6'4,250,,,,,,,,,,,,,,,,
310,Lake McRee,TE,USC,Senior,6'4,250,,,,,,,,,,,,,,,,
312,Riley Nowakowski,TE,Indiana,Senior,6'2,249,,,,,,,,,,,,,,,,
313,Jaren Kanak,TE,Oklahoma,Senior,6'2,233,,,,,,,,,,,,,,,,
314,RJ Maryland,TE,SMU,Senior,6'4,240,,,,,,,,,,,,,,,,
315,Carson Ryan,TE,BYU,Senior,6'4,250,,,,,,,,,,,,,,,,
316,Jack Velling,TE,Michigan State,Senior,6'5,245,,,,,,,,,,,,,,,,
317,Jeremiah Franklin,TE,Boston College,Senior,6'3,244,,,,,,,,,,,,,,,,
318,Seydou Traore,TE,Mississippi State,Senior,6'4,235,,,,,,,,,,,,,,,,
319,Bauer Sharp,TE,LSU,Senior,6'5,246,,,,,,,,,,,,,,,,
320,Rohan Jones,TE,Arkansas,Senior,6'3,242,,,,,,,,,,,,,,,,
321,Mathew Hibernian,TE,SMU,Graduated,6'5,252,,,,,,,,,,,,,,,,
322,Amari Niblack,TE,Texas A&M,Senior,6'3,235,,,,,,,,,,,,,,,,
323,Ethan Conner,TE,Troy,Senior,6'4,245,,,,,,,,,,,,,,,,
324,Chamon Metayer,TE,Arizona State,Senior,6'4,255,,,,,,,,,,,,,,,,
325,Matt Lauter,TE,Boise State,Senior,6'3,245,,,,,,,,,,,,,,,,
326,Luke Hasz,TE,Ole Miss,Junior,6'3,250,4.68,,,,,,,,,,,,,,,
327,Caleb Fauria,TE,Delaware,Graduated,6'5,245,,,,,,,,,,,,,,,,
328,Shamar Easter,TE,North Carolina,Freshman,6'5,215,4.58,,,,,,,,,,,,,,,
329,Ty Thompson,TE,Tulane,Senior,6'4,224,4.7,,,,,,,,,,,,,,,
330,Sav'ell Smalls,TE,Colorado,Senior,6'3,265,4.58,,,,,,,,,,,,,,,
331,Jaleel Skinner,TE,Louisville,Junior,6'5,230,4.48,,,,,,,,,,,,,,,
